Filename,Category
02398d487c.jpg,Adults
035d7fd964.jpg,Adults
03e2eb3dd6.jpg,Adults
067fe905d6.jpg,Adults
06dc6be063.jpg,Adults
0c536fbc57.jpg,Adults
10f480cb42.jpg,Adults
116c9fd0ef.jpg,Adults
119bf3969f.jpg,Adults
12d1e27540.jpg,Adults
159840fa89.jpg,Adults
188829aba8.jpg,Adults
1a796ab183.jpg,Adults
1b7e273c2a.jpg,Adults
1bab2d1e69.jpg,Adults
1bf3d3c480.jpg,Adults
1ce2d8b5f7.jpg,Adults
2b334a33a3.jpg,Adults
2c2441bf4d.jpg,Adults
2d4a9d9e84.jpg,Adults
2ee38148a1.jpg,Adults
2f176bde29.jpg,Adults
2f8f5c440f.jpg,Adults
306ecca694.jpg,Adults
35086256f4.jpg,Adults
3a4d0e307c.jpg,Adults
3cbcddee66.jpg,Adults
3d088e98df.jpg,Adults
427a7a5850.jpg,Adults
43bbb43f6e.jpg,Adults
463963dd4b.jpg,Adults
4a62143c5b.jpg,Adults
4bdd0084b0.jpg,Adults
4c35246f28.jpg,Adults
4dd8c7d40d.jpg,Adults
51830cbdd2.jpg,Adults
53c87e8dce.jpg,Adults
551b13c6f1.jpg,Adults
5602ad31ed.jpg,Adults
568d0253dc.jpg,Adults
5a7fc02894.jpg,Adults
609b96ed5f.jpg,Adults
62d3a5e78e.jpg,Adults
64bda812aa.jpg,Adults
6a93d228fd.jpg,Adults
7372155450.jpg,Adults
76b1ac658f.jpg,Adults
7905abcdf4.jpg,Adults
7e701be6fa.jpg,Adults
7f1b294c29.jpg,Adults
80fb8740c6.jpg,Adults
828796b1c4.jpg,Adults
82b1480cb0.jpg,Adults
8a21a49dc1.jpg,Adults
90474f0a78.jpg,Adults
956c13534e.jpg,Adults
958b4ad0b9.jpg,Adults
979b7e8132.jpg,Adults
98f1304c60.jpg,Adults
9a05d1fda4.jpg,Adults
9a4a06c558.jpg,Adults
9a7c28064d.jpg,Adults
9af61764ce.jpg,Adults
9e88fd1cc8.jpg,Adults
a167af6c33.jpg,Adults
a2e7cfe1d2.jpg,Adults
a3b368b1a6.jpg,Adults
a477ae1460.jpg,Adults
a6ec9704c7.jpg,Adults
a726931af8.jpg,Adults
a73f41e3d5.jpg,Adults
b8a3635501.jpg,Adults
b8c16c3453.jpg,Adults
b921df2d5f.jpg,Adults
bc2288989d.jpg,Adults
bd8a28e68a.jpg,Adults
c38a2ea234.jpg,Adults
c81dc73116.jpg,Adults
cd2e28de9f.jpg,Adults
ceb77ddc7a.jpg,Adults
d51580767c.jpg,Adults
d5e8df3f2c.jpg,Adults
d66653d86b.jpg,Adults
d6984461fd.jpg,Adults
d858322c56.jpg,Adults
dcd91842aa.jpg,Adults
e0d201aa48.jpg,Adults
e218a577cd.jpg,Adults
e860ee0b6e.jpg,Adults
ec5f680512.jpg,Adults
ed60a158de.jpg,Adults
f03417ef59.jpg,Adults
f04e8d6270.jpg,Adults
f0bcba9c34.jpg,Adults
f0ca99e69b.jpg,Adults
f4a0ab84ac.jpg,Adults
f803a30cc6.jpg,Adults
fb9371c2c6.jpg,Adults
fd4c3241e4.jpg,Adults
fe4e1b7d0b.jpg,Adults
09f690cdb5.jpg,Teenagers
0beb504501.jpg,Teenagers
10d700c975.jpg,Teenagers
1a3070d88b.jpg,Teenagers
1eb67f7b1d.jpg,Teenagers
1ec94b938f.jpg,Teenagers
24d0f95a0d.jpg,Teenagers
2799dac1b3.jpg,Teenagers
27abf6b164.jpg,Teenagers
2f0ad0459e.jpg,Teenagers
2f84800e23.jpg,Teenagers
370985cca9.jpg,Teenagers
37a90dc707.jpg,Teenagers
3d71dec44c.jpg,Teenagers
4075d147e3.jpg,Teenagers
4156cc7190.jpg,Teenagers
45f9359297.jpg,Teenagers
46b00c1ef6.jpg,Teenagers
47d1cd3cd8.jpg,Teenagers
48e8707caa.jpg,Teenagers
4e593ba34f.jpg,Teenagers
546ab327a1.jpg,Teenagers
5498315354.jpg,Teenagers
588d7e7c50.jpg,Teenagers
5b859b8104.jpg,Teenagers
5fad64cac9.jpg,Teenagers
66060b064a.jpg,Teenagers
665c1418f7.jpg,Teenagers
6aede659f6.jpg,Teenagers
6dbe3fa838.jpg,Teenagers
6f72e75014.jpg,Teenagers
7334990e60.jpg,Teenagers
73a1fbd1e5.jpg,Teenagers
74e6337bc5.jpg,Teenagers
7d42c8a8b1.jpg,Teenagers
7d7be85e61.jpg,Teenagers
7dc97dbe6b.jpg,Teenagers
7e62d02421.jpg,Teenagers
809cc0b06b.jpg,Teenagers
8126a6c23a.jpg,Teenagers
822868ec90.jpg,Teenagers
824d690807.jpg,Teenagers
83600d5ce5.jpg,Teenagers
874cb12008.jpg,Teenagers
887aa234f2.jpg,Teenagers
89720c54ed.jpg,Teenagers
898e9ef467.jpg,Teenagers
8af24136c8.jpg,Teenagers
8c34d5b692.jpg,Teenagers
8caebd912b.jpg,Teenagers
8f30b89f3f.jpg,Teenagers
8f789856b5.jpg,Teenagers
906667490f.jpg,Teenagers
91857c62a3.jpg,Teenagers
944e9bb03c.jpg,Teenagers
9552e011f7.jpg,Teenagers
9609f00f30.jpg,Teenagers
964a19cfff.jpg,Teenagers
96c281f4f4.jpg,Teenagers
97f98f3afa.jpg,Teenagers
9ba28d8d3a.jpg,Teenagers
9cd55cc998.jpg,Teenagers
9ed8dc66f7.jpg,Teenagers
9ede93b8d1.jpg,Teenagers
a3db0447ca.jpg,Teenagers
a62b4e40fd.jpg,Teenagers
ab6a7f7925.jpg,Teenagers
abe904cb34.jpg,Teenagers
aea82480e6.jpg,Teenagers
b79f7c672d.jpg,Teenagers
b8a689f9b9.jpg,Teenagers
b8b7c295de.jpg,Teenagers
bbad52c394.jpg,Teenagers
bf03f00eaa.jpg,Teenagers
bf6bce6b49.jpg,Teenagers
c014c6ae93.jpg,Teenagers
c22b557995.jpg,Teenagers
c42974d144.jpg,Teenagers
c4be677613.jpg,Teenagers
c5f077f722.jpg,Teenagers
c9e8c05fb6.jpg,Teenagers
ca1625880e.jpg,Teenagers
ca891a917c.jpg,Teenagers
caeaf1a1fb.jpg,Teenagers
cd4bc27a8a.jpg,Teenagers
d0e416c13a.jpg,Teenagers
d467f0a80b.jpg,Teenagers
d8d23b4544.jpg,Teenagers
e21b80b109.jpg,Teenagers
e359e57a54.jpg,Teenagers
e3d2e54540.jpg,Teenagers
e5dc2dc08d.jpg,Teenagers
e79cb000a5.jpg,Teenagers
e950226f87.jpg,Teenagers
e9d171fd17.jpg,Teenagers
ee354aaaf5.jpg,Teenagers
f23d36f4e5.jpg,Teenagers
f3e5a7f0bf.jpg,Teenagers
f7c3d6f9e0.jpg,Teenagers
ffe0270360.jpg,Teenagers
02398d487c.jpg,Adults
035d7fd964.jpg,Adults
03e2eb3dd6.jpg,Adults
067fe905d6.jpg,Adults
06dc6be063.jpg,Adults
0c536fbc57.jpg,Adults
10f480cb42.jpg,Adults
116c9fd0ef.jpg,Adults
119bf3969f.jpg,Adults
12d1e27540.jpg,Adults
159840fa89.jpg,Adults
188829aba8.jpg,Adults
1a796ab183.jpg,Adults
1b7e273c2a.jpg,Adults
1bab2d1e69.jpg,Adults
1bf3d3c480.jpg,Adults
1ce2d8b5f7.jpg,Adults
2b334a33a3.jpg,Adults
2c2441bf4d.jpg,Adults
2d4a9d9e84.jpg,Adults
2ee38148a1.jpg,Adults
2f176bde29.jpg,Adults
2f8f5c440f.jpg,Adults
306ecca694.jpg,Adults
35086256f4.jpg,Adults
3a4d0e307c.jpg,Adults
3cbcddee66.jpg,Adults
3d088e98df.jpg,Adults
427a7a5850.jpg,Adults
43bbb43f6e.jpg,Adults
463963dd4b.jpg,Adults
4a62143c5b.jpg,Adults
4bdd0084b0.jpg,Adults
4c35246f28.jpg,Adults
4dd8c7d40d.jpg,Adults
51830cbdd2.jpg,Adults
53c87e8dce.jpg,Adults
551b13c6f1.jpg,Adults
5602ad31ed.jpg,Adults
568d0253dc.jpg,Adults
5a7fc02894.jpg,Adults
609b96ed5f.jpg,Adults
62d3a5e78e.jpg,Adults
64bda812aa.jpg,Adults
6a93d228fd.jpg,Adults
7372155450.jpg,Adults
76b1ac658f.jpg,Adults
7905abcdf4.jpg,Adults
7e701be6fa.jpg,Adults
7f1b294c29.jpg,Adults
80fb8740c6.jpg,Adults
828796b1c4.jpg,Adults
82b1480cb0.jpg,Adults
8a21a49dc1.jpg,Adults
90474f0a78.jpg,Adults
956c13534e.jpg,Adults
958b4ad0b9.jpg,Adults
979b7e8132.jpg,Adults
98f1304c60.jpg,Adults
9a05d1fda4.jpg,Adults
9a4a06c558.jpg,Adults
9a7c28064d.jpg,Adults
9af61764ce.jpg,Adults
9e88fd1cc8.jpg,Adults
a167af6c33.jpg,Adults
a2e7cfe1d2.jpg,Adults
a3b368b1a6.jpg,Adults
a477ae1460.jpg,Adults
a6ec9704c7.jpg,Adults
a726931af8.jpg,Adults
a73f41e3d5.jpg,Adults
b8a3635501.jpg,Adults
b8c16c3453.jpg,Adults
b921df2d5f.jpg,Adults
bc2288989d.jpg,Adults
bd8a28e68a.jpg,Adults
c38a2ea234.jpg,Adults
c81dc73116.jpg,Adults
cd2e28de9f.jpg,Adults
ceb77ddc7a.jpg,Adults
d51580767c.jpg,Adults
d5e8df3f2c.jpg,Adults
d66653d86b.jpg,Adults
d6984461fd.jpg,Adults
d858322c56.jpg,Adults
dcd91842aa.jpg,Adults
e0d201aa48.jpg,Adults
e218a577cd.jpg,Adults
e860ee0b6e.jpg,Adults
ec5f680512.jpg,Adults
ed60a158de.jpg,Adults
f03417ef59.jpg,Adults
f04e8d6270.jpg,Adults
f0bcba9c34.jpg,Adults
f0ca99e69b.jpg,Adults
f4a0ab84ac.jpg,Adults
f803a30cc6.jpg,Adults
fb9371c2c6.jpg,Adults
fd4c3241e4.jpg,Adults
fe4e1b7d0b.jpg,Adults
09f690cdb5.jpg,Teenagers
0beb504501.jpg,Teenagers
10d700c975.jpg,Teenagers
1a3070d88b.jpg,Teenagers
1eb67f7b1d.jpg,Teenagers
1ec94b938f.jpg,Teenagers
24d0f95a0d.jpg,Teenagers
2799dac1b3.jpg,Teenagers
27abf6b164.jpg,Teenagers
2f0ad0459e.jpg,Teenagers
2f84800e23.jpg,Teenagers
370985cca9.jpg,Teenagers
37a90dc707.jpg,Teenagers
3d71dec44c.jpg,Teenagers
4075d147e3.jpg,Teenagers
4156cc7190.jpg,Teenagers
45f9359297.jpg,Teenagers
46b00c1ef6.jpg,Teenagers
47d1cd3cd8.jpg,Teenagers
48e8707caa.jpg,Teenagers
4e593ba34f.jpg,Teenagers
546ab327a1.jpg,Teenagers
5498315354.jpg,Teenagers
588d7e7c50.jpg,Teenagers
5b859b8104.jpg,Teenagers
5fad64cac9.jpg,Teenagers
66060b064a.jpg,Teenagers
665c1418f7.jpg,Teenagers
6aede659f6.jpg,Teenagers
6dbe3fa838.jpg,Teenagers
6f72e75014.jpg,Teenagers
7334990e60.jpg,Teenagers
73a1fbd1e5.jpg,Teenagers
74e6337bc5.jpg,Teenagers
7d42c8a8b1.jpg,Teenagers
7d7be85e61.jpg,Teenagers
7dc97dbe6b.jpg,Teenagers
7e62d02421.jpg,Teenagers
809cc0b06b.jpg,Teenagers
8126a6c23a.jpg,Teenagers
822868ec90.jpg,Teenagers
824d690807.jpg,Teenagers
83600d5ce5.jpg,Teenagers
874cb12008.jpg,Teenagers
887aa234f2.jpg,Teenagers
89720c54ed.jpg,Teenagers
898e9ef467.jpg,Teenagers
8af24136c8.jpg,Teenagers
8c34d5b692.jpg,Teenagers
8caebd912b.jpg,Teenagers
8f30b89f3f.jpg,Teenagers
8f789856b5.jpg,Teenagers
906667490f.jpg,Teenagers
91857c62a3.jpg,Teenagers
944e9bb03c.jpg,Teenagers
9552e011f7.jpg,Teenagers
9609f00f30.jpg,Teenagers
964a19cfff.jpg,Teenagers
96c281f4f4.jpg,Teenagers
97f98f3afa.jpg,Teenagers
9ba28d8d3a.jpg,Teenagers
9cd55cc998.jpg,Teenagers
9ed8dc66f7.jpg,Teenagers
9ede93b8d1.jpg,Teenagers
a3db0447ca.jpg,Teenagers
a62b4e40fd.jpg,Teenagers
ab6a7f7925.jpg,Teenagers
abe904cb34.jpg,Teenagers
aea82480e6.jpg,Teenagers
b79f7c672d.jpg,Teenagers
b8a689f9b9.jpg,Teenagers
b8b7c295de.jpg,Teenagers
bbad52c394.jpg,Teenagers
bf03f00eaa.jpg,Teenagers
bf6bce6b49.jpg,Teenagers
c014c6ae93.jpg,Teenagers
c22b557995.jpg,Teenagers
c42974d144.jpg,Teenagers
c4be677613.jpg,Teenagers
c5f077f722.jpg,Teenagers
c9e8c05fb6.jpg,Teenagers
ca1625880e.jpg,Teenagers
ca891a917c.jpg,Teenagers
caeaf1a1fb.jpg,Teenagers
cd4bc27a8a.jpg,Teenagers
d0e416c13a.jpg,Teenagers
d467f0a80b.jpg,Teenagers
d8d23b4544.jpg,Teenagers
e21b80b109.jpg,Teenagers
e359e57a54.jpg,Teenagers
e3d2e54540.jpg,Teenagers
e5dc2dc08d.jpg,Teenagers
e79cb000a5.jpg,Teenagers
e950226f87.jpg,Teenagers
e9d171fd17.jpg,Teenagers
ee354aaaf5.jpg,Teenagers
f23d36f4e5.jpg,Teenagers
f3e5a7f0bf.jpg,Teenagers
f7c3d6f9e0.jpg,Teenagers
ffe0270360.jpg,Teenagers
04e8121153.jpg,Toddler
08a9eb0e6f.jpg,Toddler
0a9ef0797f.jpg,Toddler
0b9f9467c6.jpg,Toddler
0dee3f42c4.jpg,Toddler
11059c5537.jpg,Toddler
14fa13307e.jpg,Toddler
158ef88bf5.jpg,Toddler
18e1c8e9b4.jpg,Toddler
1921193713.jpg,Toddler
1b374b3491.jpg,Toddler
1e68d9e358.jpg,Toddler
1f1c8c619d.jpg,Toddler
228678e852.jpg,Toddler
27b973fad9.jpg,Toddler
2b9c8e89e2.jpg,Toddler
2c8a068623.jpg,Toddler
2f42041909.jpg,Toddler
303d505270.jpg,Toddler
308b5166f2.jpg,Toddler
3158b0dffe.jpg,Toddler
3eae5e0f69.jpg,Toddler
3fbcb8386d.jpg,Toddler
4286d49a11.jpg,Toddler
438b3213fd.jpg,Toddler
4504084c8c.jpg,Toddler
45e7bc21fc.jpg,Toddler
4ce98624bf.jpg,Toddler
4e17c57f29.jpg,Toddler
5068d2568e.jpg,Toddler
55ec3beef4.jpg,Toddler
55fd1ef8f8.jpg,Toddler
5800471561.jpg,Toddler
583b13bdf0.jpg,Toddler
5a121fe81a.jpg,Toddler
5b4d1450a7.jpg,Toddler
5c54e8a62c.jpg,Toddler
5fe3fc3896.jpg,Toddler
698af1f81f.jpg,Toddler
69ebcd4b88.jpg,Toddler
6b2ade570b.jpg,Toddler
6cf42e5a8f.jpg,Toddler
734304d963.jpg,Toddler
737215c312.jpg,Toddler
748d2803dd.jpg,Toddler
79c3a93c44.jpg,Toddler
7d87265115.jpg,Toddler
8034d4497a.jpg,Toddler
8058633ed2.jpg,Toddler
84985efc71.jpg,Toddler
858471bf30.jpg,Toddler
86bebaaa77.jpg,Toddler
86fc3da1d5.jpg,Toddler
88c4743ede.jpg,Toddler
8aa6df3eb0.jpg,Toddler
8fadc9260f.jpg,Toddler
8fcfa99f8e.jpg,Toddler
922e518a4f.jpg,Toddler
97aacd7cb6.jpg,Toddler
9a613e9c8d.jpg,Toddler
9b1e2a4dc3.jpg,Toddler
9e582fca0c.jpg,Toddler
a32bfa5e6b.jpg,Toddler
a6c3a6d712.jpg,Toddler
a8d8e744d9.jpg,Toddler
a92de7ad66.jpg,Toddler
a93b995b48.jpg,Toddler
ab1fc5231e.jpg,Toddler
ab52f3ba05.jpg,Toddler
ab582a6d7f.jpg,Toddler
add68e368e.jpg,Toddler
ae6a4c1e0e.jpg,Toddler
af29c7aee0.jpg,Toddler
af3932f36c.jpg,Toddler
b2e4e0922b.jpg,Toddler
b83f9043c9.jpg,Toddler
bf804684da.jpg,Toddler
c85726001b.jpg,Toddler
c8d4382afe.jpg,Toddler
d1e26adc37.jpg,Toddler
d23866255b.jpg,Toddler
d32474b687.jpg,Toddler
d495c6d46a.jpg,Toddler
d7b373267b.jpg,Toddler
da6d992032.jpg,Toddler
da92468cbb.jpg,Toddler
dcb6f4d8ce.jpg,Toddler
dd997c444f.jpg,Toddler
df425ec206.jpg,Toddler
e027fc7e42.jpg,Toddler
e5e3cb2f9f.jpg,Toddler
e677f331d3.jpg,Toddler
e6d1117e93.jpg,Toddler
f1ac267071.jpg,Toddler
f2c3e3abc2.jpg,Toddler
f38e8fc5a6.jpg,Toddler
f45f77ad91.jpg,Toddler
f9262e0489.jpg,Toddler
fba060be88.jpg,Toddler
fe9e94b6f4.jpg,Toddler
